"Hora","Dispositivo","Boleto","Evento Contador","Folio de corte","Dinero Total","Conteo Total","Subidas Totales","Bajadas Totales","Tipo Tarifa","Directo","Estudiantes","Tercera Edad","Local","Exactitud","Subidas","Bajadas"
"2023-04-04 00:00:27","CONTADOR DELANTERO","","BAJADAS","","","","0","1","","","","","","","0","1"
"2023-04-04 00:13:48","BIA","REGISTRO","","","3646","200","","","","0","0","1","0","","",""
"2023-04-04 00:13:49","BIA","REGISTRO","","","3661","201","","","","0","1","0","0","","",""
"2023-04-04 00:14:36","CONTADOR DELANTERO","","BAJADAS","","","","0","2","","","","","","","0","1"
"2023-04-04 00:16:27","CONTADOR DELANTERO","","BAJADAS","","","","0","3","","","","","","","0","1"
"2023-04-04 00:35:36","CONTADOR DELANTERO","","BAJADAS","","","","0","4","","","","","","","0","1"
"2023-04-04 00:35:53","CONTADOR DELANTERO","","BAJADAS","","","","0","5","","","","","","","0","1"
"2023-04-04 00:36:01","CONTADOR DELANTERO","","BAJADAS","","","","0","6","","","","","","","0","1"
"2023-04-04 00:41:18","CONTADOR DELANTERO","","BAJADAS","","","","0","7","","","","","","","0","1"
"2023-04-04 00:41:36","CONTADOR DELANTERO","","BAJADAS","","","","0","8","","","","","","","0","1"
"2023-04-04 00:55:48","CONTADOR DELANTERO","","SUBIDAS","","","","1","8","","","","","","","1","0"
"2023-04-04 01:01:16","CONTADOR DELANTERO","","BAJADAS","","","","1","9","","","","","","","0","1"
"2023-04-04 01:01:31","CONTADOR DELANTERO","","SUBIDAS","","","","2","9","","","","","","","1","0"
"2023-04-04 01:01:49","CONTADOR DELANTERO","","BAJADAS","","","","2","10","","","","","","","0","1"
"2023-04-04 01:02:40","CONTADOR DELANTERO","","SUBIDAS","","","","3","10","","","","","","","1","0"
"2023-04-04 01:02:42","CONTADOR DELANTERO","","SUBIDAS","","","","4","10","","","","","","","1","0"
"2023-04-04 01:03:41","CONTADOR DELANTERO","","SUBIDAS","","","","5","10","","","","","","","1","0"
"2023-04-04 01:03:46","CONTADOR DELANTERO","","SUBIDAS","","","","6","10","","","","","","","1","0"
"2023-04-04 01:03:59","CONTADOR DELANTERO","","BAJADAS","","","","6","11","","","","","","","0","1"
"2023-04-04 01:04:07","CONTADOR DELANTERO","","SUBIDAS","","","","7","11","","","","","","","1","0"
"2023-04-04 01:04:19","CONTADOR DELANTERO","","SUBIDAS","","","","8","11","","","","","","","1","0"
"2023-04-04 01:05:22","CONTADOR DELANTERO","","SUBIDAS","","","","9","11","","","","","","","1","0"
"2023-04-04 01:06:23","CONTADOR DELANTERO","","SUBIDAS","","","","10","11","","","","","","","1","0"
"2023-04-04 01:06:53","CONTADOR DELANTERO","","SUBIDAS","","","","11","11","","","","","","","1","0"
"2023-04-04 01:07:30","CONTADOR DELANTERO","","SUBIDAS","","","","12","11","","","","","","","1","0"
"2023-04-04 01:10:16","CONTADOR DELANTERO","","SUBIDAS","","","","13","11","","","","","","","1","0"
"2023-04-04 01:41:08","CONTADOR DELANTERO","","BAJADAS","","","","13","13","","","","","","","0","1"
"2023-04-04 02:09:16","CONTADOR DELANTERO","","BAJADAS","","","","13","14","","","","","","","0","1"
"2023-04-04 02:16:21","CONTADOR DELANTERO","","BAJADAS","","","","13","15","","","","","","","0","1"
"2023-04-04 02:18:13","CONTADOR DELANTERO","","BAJADAS","","","","13","16","","","","","","","0","1"
"2023-04-04 02:18:53","CONTADOR DELANTERO","","BAJADAS","","","","13","18","","","","","","","0","1"
"2023-04-04 02:18:55","CONTADOR DELANTERO","","BAJADAS","","","","13","20","","","","","","","0","1"
"2023-04-04 02:27:34","CONTADOR DELANTERO","","BAJADAS","","","","13","21","","","","","","","0","1"
"2023-04-04 02:27:34","CONTADOR DELANTERO","","BAJADAS","","","","13","21","","","","","","","0","1"
"2023-04-04 02:27:35","CONTADOR DELANTERO","","BAJADAS","","","","13","22","","","","","","","0","1"
"2023-04-04 02:27:37","CONTADOR DELANTERO","","BAJADAS","","","","13","26","","","","","","","0","1"
"2023-04-04 02:27:38","CONTADOR DELANTERO","","BAJADAS","","","","13","23","","","","","","","0","1"
"2023-04-04 02:27:40","CONTADOR DELANTERO","","BAJADAS","","","","13","25","","","","","","","0","1"
"2023-04-04 02:27:55","CONTADOR DELANTERO","","BAJADAS","","","","13","24","","","","","","","0","1"
"2023-04-04 03:21:28","CONTADOR DELANTERO","","BAJADAS","","","","13","27","","","","","","","0","1"
"2023-04-04 05:18:12","CONTADOR DELANTERO","","SUBIDAS","","","","14","27","","","","","","","1","0"
"2023-04-04 05:24:38","CONTADOR DELANTERO","","SUBIDAS","","","","15","27","","","","","","","1","0"
"2023-04-04 05:26:42","CONTADOR DELANTERO","","SUBIDAS","","","","17","27","","","","","","","1","0"
"2023-04-04 05:56:41","CONTADOR DELANTERO","","SUBIDAS","","","","18","27","","","","","","","1","0"
"2023-04-04 06:07:55","CONTADOR DELANTERO","","SUBIDAS","","","","19","27","","","","","","","1","0"
"2023-04-04 06:10:45","CONTADOR DELANTERO","","SUBIDAS","","","","20","27","","","","","","","1","0"
"2023-04-04 06:10:47","CONTADOR DELANTERO","","SUBIDAS","","","","21","27","","","","","","","1","0"
"2023-04-04 06:16:13","CONTADOR DELANTERO","","SUBIDAS","","","","22","27","","","","","","","1","0"
"2023-04-04 06:40:20","CONTADOR DELANTERO","","BAJADAS","","","","22","28","","","","","","","0","1"
"2023-04-04 06:40:22","CONTADOR DELANTERO","","BAJADAS","","","","22","29","","","","","","","0","1"
"2023-04-04 06:40:24","CONTADOR DELANTERO","","BAJADAS","","","","22","30","","","","","","","0","1"
"2023-04-04 06:40:27","CONTADOR DELANTERO","","BAJADAS","","","","22","31","","","","","","","0","1"
"2023-04-04 06:40:28","CONTADOR DELANTERO","","BAJADAS","","","","22","32","","","","","","","0","1"
"2023-04-04 06:40:30","CONTADOR DELANTERO","","BAJADAS","","","","22","33","","","","","","","0","1"
"2023-04-04 06:40:32","CONTADOR DELANTERO","","BAJADAS","","","","22","34","","","","","","","0","1"
"2023-04-04 06:40:34","CONTADOR DELANTERO","","BAJADAS","","","","22","35","","","","","","","0","1"
"2023-04-04 06:40:36","CONTADOR DELANTERO","","BAJADAS","","","","22","36","","","","","","","0","1"
"2023-04-04 06:40:39","CONTADOR DELANTERO","","BAJADAS","","","","22","37","","","","","","","0","1"
"2023-04-04 06:40:44","CONTADOR DELANTERO","","BAJADAS","","","","22","38","","","","","","","0","1"
"2023-04-04 06:40:45","CONTADOR DELANTERO","","BAJADAS","","","","22","39","","","","","","","0","1"
"2023-04-04 06:40:47","CONTADOR DELANTERO","","BAJADAS","","","","22","40","","","","","","","0","1"
"2023-04-04 06:40:49","CONTADOR DELANTERO","","BAJADAS","","","","22","41","","","","","","","0","1"
"2023-04-04 06:40:51","CONTADOR DELANTERO","","BAJADAS","","","","22","42","","","","","","","0","1"
"2023-04-04 06:40:52","CONTADOR DELANTERO","","BAJADAS","","","","22","43","","","","","","","0","1"
"2023-04-04 06:40:55","CONTADOR DELANTERO","","BAJADAS","","","","22","44","","","","","","","0","1"
"2023-04-04 06:40:58","CONTADOR DELANTERO","","BAJADAS","","","","22","45","","","","","","","0","1"
"2023-04-04 06:41:01","CONTADOR DELANTERO","","BAJADAS","","","","22","46","","","","","","","0","1"
"2023-04-04 06:41:03","CONTADOR DELANTERO","","BAJADAS","","","","22","47","","","","","","","0","1"
"2023-04-04 06:44:59","CONTADOR DELANTERO","","BAJADAS","","","","22","48","","","","","","","0","1"
"2023-04-04 06:49:01","CONTADOR DELANTERO","","SUBIDAS","","","","23","48","","","","","","","1","0"
"2023-04-04 07:06:09","CONTADOR DELANTERO","","BAJADAS","","","","23","49","","","","","","","0","1"
"2023-04-04 07:07:27","CONTADOR DELANTERO","","BAJADAS","","","","23","50","","","","","","","0","1"
"2023-04-04 07:09:57","CONTADOR DELANTERO","","BAJADAS","","","","23","51","","","","","","","0","1"
"2023-04-04 07:09:58","CONTADOR DELANTERO","","BAJADAS","","","","23","52","","","","","","","0","1"
"2023-04-04 07:35:18","CONTADOR DELANTERO","","BAJADAS","","","","23","53","","","","","","","0","1"
"2023-04-04 07:36:15","CONTADOR DELANTERO","","RESET","","","","0","0","","","","","","","",""
"2023-04-04 07:54:38","CONTADOR DELANTERO","","SUBIDAS","","","","1","0","","","","","","","1","0"
"2023-04-04 07:54:49","CONTADOR DELANTERO","","BAJADAS","","","","2","1","","","","","","","0","1"
"2023-04-04 07:57:32","CONTADOR DELANTERO","","SUBIDAS","","","","3","1","","","","","","","1","0"
"2023-04-04 07:57:32","BIA","REGISTRO","","","20","1","","","","1","0","0","0","","",""
"2023-04-04 07:58:02","CONTADOR DELANTERO","","SUBIDAS","","","","4","1","","","","","","","1","0"
"2023-04-04 07:58:03","BIA","REGISTRO","","","40","2","","","","1","0","0","0","","",""
"2023-04-04 07:58:04","CONTADOR DELANTERO","","SUBIDAS","","","","5","1","","","","","","","1","0"
"2023-04-04 07:58:06","BIA","REGISTRO","","","60","3","","","","1","0","0","0","","",""
"2023-04-04 07:58:39","CONTADOR DELANTERO","","SUBIDAS","","","","6","1","","","","","","","1","0"
"2023-04-04 07:58:40","CONTADOR DELANTERO","","SUBIDAS","","","","7","1","","","","","","","1","0"
"2023-04-04 07:58:40","BIA","REGISTRO","","","80","4","","","","1","0","0","0","","",""
"2023-04-04 07:58:42","BIA","REGISTRO","","","100","5","","","","1","0","0","0","","",""
"2023-04-04 07:59:29","CONTADOR DELANTERO","","SUBIDAS","","","","8","1","","","","","","","1","0"
"2023-04-04 07:59:32","CONTADOR DELANTERO","","SUBIDAS","","","","9","1","","","","","","","1","0"
"2023-04-04 07:59:32","BIA","REGISTRO","","","120","6","","","","1","0","0","0","","",""
"2023-04-04 08:00:17","CONTADOR DELANTERO","","SUBIDAS","","","","10","1","","","","","","","1","0"
"2023-04-04 08:00:18","BIA","REGISTRO","","","140","7","","","","1","0","0","0","","",""
"2023-04-04 08:02:24","BIA","REGISTRO","","","160","8","","","","1","0","0","0","","",""
"2023-04-04 08:02:26","CONTADOR DELANTERO","","SUBIDAS","","","","11","1","","","","","","","1","0"
"2023-04-04 08:03:11","BIA","REGISTRO","","","180","9","","","","1","0","0","0","","",""
"2023-04-04 08:03:16","CONTADOR DELANTERO","","SUBIDAS","","","","12","1","","","","","","","1","0"
"2023-04-04 08:03:16","BIA","REGISTRO","","","200","10","","","","1","0","0","0","","",""
"2023-04-04 08:03:20","BIA","REGISTRO","","","220","11","","","","1","0","0","0","","",""
"2023-04-04 08:03:54","CONTADOR DELANTERO","","SUBIDAS","","","","13","1","","","","","","","1","0"
"2023-04-04 08:03:57","CONTADOR DELANTERO","","SUBIDAS","","","","14","1","","","","","","","1","0"
"2023-04-04 08:03:58","BIA","REGISTRO","","","240","12","","","","1","0","0","0","","",""
"2023-04-04 08:03:58","BIA","REGISTRO","","","260","13","","","","1","0","0","0","","",""
"2023-04-04 08:06:19","BIA","REGISTRO","","","280","14","","","","1","0","0","0","","",""
"2023-04-04 08:06:46","CONTADOR DELANTERO","","SUBIDAS","","","","15","1","","","","","","","1","0"
"2023-04-04 08:06:48","CONTADOR DELANTERO","","SUBIDAS","","","","16","1","","","","","","","1","0"
"2023-04-04 08:06:58","BIA","REGISTRO","","","300","15","","","","1","0","0","0","","",""
"2023-04-04 08:07:05","BIA","REGISTRO","","","308","16","","","","0","0","0","1","","",""
"2023-04-04 08:08:07","CONTADOR DELANTERO","","SUBIDAS","","","","17","1","","","","","","","1","0"
"2023-04-04 08:08:09","BIA","REGISTRO","","","328","17","","","","1","0","0","0","","",""
"2023-04-04 08:08:38","CONTADOR DELANTERO","","SUBIDAS","","","","18","1","","","","","","","1","0"
"2023-04-04 08:08:58","BIA","REGISTRO","","","348","18","","","","1","0","0","0","","",""
"2023-04-04 08:09:08","CONTADOR DELANTERO","","SUBIDAS","","","","19","1","","","","","","","1","0"
"2023-04-04 08:10:01","BIA","REGISTRO","","","358","19","","","","0","0","1","0","","",""
"2023-04-04 08:10:55","CONTADOR DELANTERO","","SUBIDAS","","","","20","1","","","","","","","1","0"
"2023-04-04 08:10:57","BIA","REGISTRO","","","366","20","","","","0","0","0","1","","",""
"2023-04-04 08:11:02","CONTADOR DELANTERO","","SUBIDAS","","","","21","1","","","","","","","1","0"
"2023-04-04 08:11:05","BIA","REGISTRO","","","374","21","","","","0","0","0","1","","",""
"2023-04-04 08:11:06","CONTADOR DELANTERO","","SUBIDAS","","","","22","1","","","","","","","1","0"
"2023-04-04 08:11:12","BIA","REGISTRO","","","394","22","","","","1","0","0","0","","",""
"2023-04-04 08:11:13","BIA","REGISTRO","","","414","23","","","","1","0","0","0","","",""
"2023-04-04 08:11:21","BIA","REGISTRO","","","434","24","","","","1","0","0","0","","",""
"2023-04-04 08:11:22","CONTADOR DELANTERO","","SUBIDAS","","","","23","1","","","","","","","1","0"
"2023-04-04 08:16:13","CONTADOR DELANTERO","","BAJADAS","","","","23","2","","","","","","","0","1"
"2023-04-04 08:16:20","CONTADOR DELANTERO","","BAJADAS","","","","23","3","","","","","","","0","1"
"2023-04-04 08:16:21","CONTADOR DELANTERO","","BAJADAS","","","","23","4","","","","","","","0","1"
"2023-04-04 08:16:25","CONTADOR DELANTERO","","SUBIDAS","","","","24","4","","","","","","","1","0"
"2023-04-04 08:16:26","BIA","REGISTRO","","","454","25","","","","1","0","0","0","","",""
"2023-04-04 08:17:37","CONTADOR DELANTERO","","BAJADAS","","","","24","6","","","","","","","0","1"
"2023-04-04 08:24:17","CONTADOR DELANTERO","","BAJADAS","","","","24","7","","","","","","","0","1"
"2023-04-04 08:28:39","CONTADOR DELANTERO","","BAJADAS","","","","24","8","","","","","","","0","1"
"2023-04-04 08:28:44","CONTADOR DELANTERO","","BAJADAS","","","","24","10","","","","","","","0","1"
"2023-04-04 08:28:45","CONTADOR DELANTERO","","BAJADAS","","","","24","11","","","","","","","0","1"
"2023-04-04 08:28:48","CONTADOR DELANTERO","","BAJADAS","","","","24","13","","","","","","","0","1"
"2023-04-04 08:29:00","CONTADOR DELANTERO","","BAJADAS","","","","24","14","","","","","","","0","1"
"2023-04-04 08:29:10","CONTADOR DELANTERO","","SUBIDAS","","","","25","14","","","","","","","1","0"
"2023-04-04 08:29:11","BIA","REGISTRO","","","462","26","","","","0","0","0","1","","",""
"2023-04-04 08:30:55","CONTADOR DELANTERO","","BAJADAS","","","","25","15","","","","","","","0","1"
"2023-04-04 08:30:56","CONTADOR DELANTERO","","BAJADAS","","","","25","17","","","","","","","0","1"
"2023-04-04 08:30:58","CONTADOR DELANTERO","","BAJADAS","","","","25","18","","","","","","","0","1"
"2023-04-04 08:32:32","CONTADOR DELANTERO","","BAJADAS","","","","25","19","","","","","","","0","1"
"2023-04-04 08:34:01","CONTADOR DELANTERO","","BAJADAS","","","","25","20","","","","","","","0","1"
"2023-04-04 08:34:04","CONTADOR DELANTERO","","BAJADAS","","","","25","21","","","","","","","0","1"
"2023-04-04 08:36:19","CONTADOR DELANTERO","","BAJADAS","","","","25","22","","","","","","","0","1"
"2023-04-04 08:36:56","CONTADOR DELANTERO","","BAJADAS","","","","25","23","","","","","","","0","1"
"2023-04-04 08:37:06","CONTADOR DELANTERO","","BAJADAS","","","","25","24","","","","","","","0","1"
"2023-04-04 08:44:17","CONTADOR DELANTERO","","BAJADAS","","","","25","25","","","","","","","0","1"
"2023-04-04 08:44:20","CONTADOR DELANTERO","","BAJADAS","","","","25","26","","","","","","","0","1"
"2023-04-04 08:46:05","CONTADOR DELANTERO","","BAJADAS","","","","25","27","","","","","","","0","1"
"2023-04-04 08:47:26","CONTADOR DELANTERO","","BAJADAS","","","","25","28","","","","","","","0","1"
"2023-04-04 08:47:28","CONTADOR DELANTERO","","BAJADAS","","","","25","29","","","","","","","0","1"
"2023-04-04 08:51:37","CONTADOR DELANTERO","","SUBIDAS","","","","26","29","","","","","","","1","0"
"2023-04-04 08:52:53","CONTADOR DELANTERO","","SUBIDAS","","","","27","29","","","","","","","1","0"
"2023-04-04 08:52:56","BIA","REGISTRO","","","482","27","","","","1","0","0","0","","",""
"2023-04-04 08:52:57","BIA","REGISTRO","","","492","28","","","","0","0","1","0","","",""
"2023-04-04 08:53:01","BIA","REGISTRO","","","512","29","","","","1","0","0","0","","",""
"2023-04-04 08:53:02","CONTADOR DELANTERO","","SUBIDAS","","","","28","29","","","","","","","1","0"
"2023-04-04 08:53:06","CONTADOR DELANTERO","","SUBIDAS","","","","29","29","","","","","","","1","0"
"2023-04-04 08:53:07","BIA","REGISTRO","","","520","30","","","","0","0","0","1","","",""
"2023-04-04 08:56:22","BIA","REGISTRO","","","528","31","","","","0","0","0","1","","",""
"2023-04-04 09:05:06","BIA","REGISTRO","","","548","32","","","","1","0","0","0","","",""
"2023-04-04 09:05:10","CONTADOR DELANTERO","","SUBIDAS","","","","30","29","","","","","","","1","0"
"2023-04-04 09:05:21","BIA","REGISTRO","","","556","33","","","","0","0","0","1","","",""
"2023-04-04 09:17:01","CONTADOR DELANTERO","","BAJADAS","","","","30","30","","","","","","","0","1"
"2023-04-04 09:18:05","CONTADOR DELANTERO","","BAJADAS","","","","30","32","","","","","","","0","1"
"2023-04-04 09:18:44","CONTADOR DELANTERO","","SUBIDAS","","","","31","32","","","","","","","1","0"
"2023-04-04 09:18:49","CONTADOR DELANTERO","","BAJADAS","","","","31","33","","","","","","","0","1"
"2023-04-04 09:24:49","CONTADOR DELANTERO","","BAJADAS","","","","31","34","","","","","","","0","1"
"2023-04-04 09:24:49","CONTADOR DELANTERO","","BAJADAS","","","","31","34","","","","","","","0","1"
"2023-04-04 09:26:07","BIA","REGISTRO","","","572","35","","","","0","0","0","1","","",""
"2023-04-04 09:30:32","CONTADOR DELANTERO","","BAJADAS","","","","33","35","","","","","","","0","1"
"2023-04-04 09:30:37","CONTADOR DELANTERO","","BAJADAS","","","","33","36","","","","","","","0","1"
"2023-04-04 09:30:39","CONTADOR DELANTERO","","BAJADAS","","","","33","37","","","","","","","0","1"
"2023-04-04 09:33:27","CONTADOR DELANTERO","","BAJADAS","","","","33","39","","","","","","","0","1"
"2023-04-04 09:40:22","CONTADOR DELANTERO","","BAJADAS","","","","33","40","","","","","","","0","1"
"2023-04-04 09:42:14","CONTADOR DELANTERO","","BAJADAS","","","","33","41","","","","","","","0","1"
"2023-04-04 09:43:06","CONTADOR DELANTERO","","BAJADAS","","","","33","42","","","","","","","0","1"
"2023-04-04 09:48:28","BIA","CORTE","","644","572","35","","","","24","0","2","9","","",""
"2023-04-04 10:06:45","CONTADOR DELANTERO","","BAJADAS","","","","33","43","","","","","","","0","1"
"2023-04-04 10:08:55","CONTADOR DELANTERO","","SUBIDAS","","","","34","43","","","","","","","1","0"
"2023-04-04 10:26:48","BIA","REGISTRO","","","582","36","","","","0","0","1","0","","",""
"2023-04-04 10:30:12","CONTADOR DELANTERO","","SUBIDAS","","","","35","43","","","","","","","1","0"
"2023-04-04 10:30:15","BIA","REGISTRO","","","602","37","","","","1","0","0","0","","",""
"2023-04-04 10:30:17","CONTADOR DELANTERO","","SUBIDAS","","","","36","43","","","","","","","1","0"
"2023-04-04 10:30:22","CONTADOR DELANTERO","","SUBIDAS","","","","37","43","","","","","","","1","0"
"2023-04-04 10:30:26","BIA","REGISTRO","","","632","39","","","","0","0","1","0","","",""
"2023-04-04 10:30:30","CONTADOR DELANTERO","","SUBIDAS","","","","38","43","","","","","","","1","0"
"2023-04-04 10:30:38","BIA","REGISTRO","","","642","40","","","","0","0","1","0","","",""
"2023-04-04 10:30:57","BIA","REGISTRO","","","652","41","","","","0","0","1","0","","",""
"2023-04-04 10:31:01","CONTADOR DELANTERO","","SUBIDAS","","","","39","43","","","","","","","1","0"
"2023-04-04 10:31:04","BIA","REGISTRO","","","672","42","","","","1","0","0","0","","",""
"2023-04-04 10:31:31","CONTADOR DELANTERO","","SUBIDAS","","","","40","43","","","","","","","1","0"
"2023-04-04 10:31:39","CONTADOR DELANTERO","","SUBIDAS","","","","41","43","","","","","","","1","0"
"2023-04-04 10:31:48","BIA","REGISTRO","","","732","45","","","","1","0","0","0","","",""
"2023-04-04 10:32:52","CONTADOR DELANTERO","","SUBIDAS","","","","42","43","","","","","","","1","0"
"2023-04-04 10:32:53","BIA","REGISTRO","","","752","46","","","","1","0","0","0","","",""
"2023-04-04 10:33:29","CONTADOR DELANTERO","","SUBIDAS","","","","43","43","","","","","","","1","0"
"2023-04-04 10:33:41","CONTADOR DELANTERO","","SUBIDAS","","","","44","43","","","","","","","1","0"
"2023-04-04 10:34:03","BIA","REGISTRO","","","772","47","","","","1","0","0","0","","",""
"2023-04-04 10:34:05","BIA","REGISTRO","","","812","49","","","","1","0","0","0","","",""
"2023-04-04 10:34:36","CONTADOR DELANTERO","","BAJADAS","","","","44","44","","","","","","","0","1"
"2023-04-04 10:35:19","CONTADOR DELANTERO","","SUBIDAS","","","","45","44","","","","","","","1","0"
"2023-04-04 10:35:22","BIA","REGISTRO","","","832","50","","","","1","0","0","0","","",""
"2023-04-04 10:35:34","CONTADOR DELANTERO","","SUBIDAS","","","","46","44","","","","","","","1","0"
"2023-04-04 10:35:37","BIA","REGISTRO","","","852","51","","","","1","0","0","0","","",""
"2023-04-04 10:35:38","CONTADOR DELANTERO","","SUBIDAS","","","","47","44","","","","","","","1","0"
"2023-04-04 10:35:43","BIA","REGISTRO","","","872","52","","","","1","0","0","0","","",""
"2023-04-04 10:36:00","BIA","REGISTRO","","","882","53","","","","0","0","1","0","","",""
"2023-04-04 10:36:57","CONTADOR DELANTERO","","SUBIDAS","","","","48","44","","","","","","","1","0"
"2023-04-04 10:36:59","BIA","REGISTRO","","","902","54","","","","1","0","0","0","","",""
"2023-04-04 10:37:22","CONTADOR DELANTERO","","BAJADAS","","","","48","45","","","","","","","0","1"
"2023-04-04 10:38:50","BIA","REGISTRO","","","922","55","","","","1","0","0","0","","",""
"2023-04-04 10:39:27","BIA","REGISTRO","","","942","56","","","","1","0","0","0","","",""
"2023-04-04 10:44:29","BIA","REGISTRO","","","962","57","","","","1","0","0","0","","",""
"2023-04-04 10:51:37","CONTADOR DELANTERO","","BAJADAS","","","","48","46","","","","","","","0","1"
"2023-04-04 10:51:45","CONTADOR DELANTERO","","BAJADAS","","","","48","48","","","","","","","0","1"
"2023-04-04 10:51:53","CONTADOR DELANTERO","","SUBIDAS","","","","49","48","","","","","","","1","0"
"2023-04-04 10:51:55","BIA","REGISTRO","","","990","59","","","","0","0","0","1","","",""
"2023-04-04 10:53:55","CONTADOR DELANTERO","","BAJADAS","","","","49","49","","","","","","","0","1"
"2023-04-04 11:04:32","CONTADOR DELANTERO","","BAJADAS","","","","49","50","","","","","","","0","1"
"2023-04-04 11:05:35","CONTADOR DELANTERO","","BAJADAS","","","","49","51","","","","","","","0","1"
"2023-04-04 11:07:02","CONTADOR DELANTERO","","BAJADAS","","","","49","52","","","","","","","0","1"
"2023-04-04 11:07:05","CONTADOR DELANTERO","","BAJADAS","","","","49","53","","","","","","","0","1"
"2023-04-04 11:07:08","CONTADOR DELANTERO","","BAJADAS","","","","49","54","","","","","","","0","1"
"2023-04-04 11:07:11","CONTADOR DELANTERO","","BAJADAS","","","","49","55","","","","","","","0","1"
"2023-04-04 11:07:13","CONTADOR DELANTERO","","BAJADAS","","","","49","56","","","","","","","0","1"
"2023-04-04 11:20:32","CONTADOR DELANTERO","","BAJADAS","","","","49","57","","","","","","","0","1"
"2023-04-04 11:20:35","CONTADOR DELANTERO","","BAJADAS","","","","49","58","","","","","","","0","1"
"2023-04-04 11:21:56","CONTADOR DELANTERO","","BAJADAS","","","","49","59","","","","","","","0","1"
"2023-04-04 11:24:51","CONTADOR DELANTERO","","BAJADAS","","","","49","60","","","","","","","0","1"
"2023-04-04 11:29:03","CONTADOR DELANTERO","","BAJADAS","","","","49","62","","","","","","","0","1"
"2023-04-04 11:31:42","CONTADOR DELANTERO","","BAJADAS","","","","49","63","","","","","","","0","1"
"2023-04-04 11:32:00","CONTADOR DELANTERO","","BAJADAS","","","","49","64","","","","","","","0","1"
"2023-04-04 11:32:03","CONTADOR DELANTERO","","BAJADAS","","","","49","65","","","","","","","0","1"
"2023-04-04 11:32:07","CONTADOR DELANTERO","","BAJADAS","","","","49","66","","","","","","","0","1"
"2023-04-04 11:32:13","CONTADOR DELANTERO","","BAJADAS","","","","49","67","","","","","","","0","1"
"2023-04-04 11:32:57","BIA","CORTE","","645","990","59","","","","42","0","7","10","","",""
"2023-04-04 11:34:37","CONTADOR DELANTERO","","BAJADAS","","","","49","68","","","","","","","0","1"
"2023-04-04 11:40:19","BIA","REGISTRO","","","1010","60","","","","1","0","0","0","","",""
"2023-04-04 11:40:20","CONTADOR DELANTERO","","SUBIDAS","","","","50","68","","","","","","","1","0"
"2023-04-04 11:40:22","CONTADOR DELANTERO","","SUBIDAS","","","","51","68","","","","","","","1","0"
"2023-04-04 11:43:40","BIA","REGISTRO","","","1040","62","","","","0","0","1","0","","",""
"2023-04-04 11:43:47","BIA","REGISTRO","","","1050","63","","","","0","0","1","0","","",""
"2023-04-04 11:43:48","BIA","REGISTRO","","","1060","64","","","","0","0","1","0","","",""
"2023-04-04 11:43:54","BIA","REGISTRO","","","1068","65","","","","0","0","0","1","","",""
"2023-04-04 11:44:11","BIA","REGISTRO","","","1088","66","","","","1","0","0","0","","",""
"2023-04-04 11:44:14","BIA","REGISTRO","","","1098","67","","","","0","0","1","0","","",""
"2023-04-04 11:50:19","CONTADOR DELANTERO","","SUBIDAS","","","","52","68","","","","","","","1","0"
"2023-04-04 11:50:25","BIA","REGISTRO","","","1118","68","","","","1","0","0","0","","",""
"2023-04-04 11:51:42","BIA","REGISTRO","","","1158","70","","","","1","0","0","0","","",""
"2023-04-04 11:51:44","BIA","REGISTRO","","","1178","71","","","","1","0","0","0","","",""
"2023-04-04 11:55:42","BIA","REGISTRO","","","1198","72","","","","1","0","0","0","","",""
"2023-04-04 11:55:44","CONTADOR DELANTERO","","SUBIDAS","","","","53","68","","","","","","","1","0"
"2023-04-04 11:55:46","BIA","REGISTRO","","","1218","73","","","","1","0","0","0","","",""
"2023-04-04 12:02:49","CONTADOR DELANTERO","","SUBIDAS","","","","54","68","","","","","","","1","0"
"2023-04-04 12:02:51","CONTADOR DELANTERO","","SUBIDAS","","","","55","68","","","","","","","1","0"
"2023-04-04 12:02:54","BIA","REGISTRO","","","1238","74","","","","1","0","0","0","","",""
"2023-04-04 12:04:48","BIA","REGISTRO","","","1278","76","","","","1","0","0","0","","",""
"2023-04-04 12:09:55","CONTADOR DELANTERO","","BAJADAS","","","","55","69","","","","","","","0","1"
"2023-04-04 12:11:21","CONTADOR DELANTERO","","SUBIDAS","","","","56","69","","","","","","","1","0"
"2023-04-04 12:11:23","BIA","REGISTRO","","","1308","78","","","","0","0","1","0","","",""
"2023-04-04 12:21:15","CONTADOR DELANTERO","","BAJADAS","","","","56","70","","","","","","","0","1"
"2023-04-04 12:21:16","CONTADOR DELANTERO","","BAJADAS","","","","56","71","","","","","","","0","1"
"2023-04-04 12:26:54","CONTADOR DELANTERO","","BAJADAS","","","","56","72","","","","","","","0","1"
"2023-04-04 12:28:27","CONTADOR DELANTERO","","BAJADAS","","","","56","73","","","","","","","0","1"
"2023-04-04 12:28:32","CONTADOR DELANTERO","","BAJADAS","","","","56","74","","","","","","","0","1"
"2023-04-04 12:28:35","CONTADOR DELANTERO","","BAJADAS","","","","56","75","","","","","","","0","1"
"2023-04-04 12:28:38","CONTADOR DELANTERO","","BAJADAS","","","","56","76","","","","","","","0","1"
"2023-04-04 12:28:40","CONTADOR DELANTERO","","BAJADAS","","","","56","77","","","","","","","0","1"
"2023-04-04 12:28:43","CONTADOR DELANTERO","","BAJADAS","","","","56","78","","","","","","","0","1"
"2023-04-04 12:28:46","CONTADOR DELANTERO","","BAJADAS","","","","56","80","","","","","","","0","1"
"2023-04-04 12:28:48","CONTADOR DELANTERO","","BAJADAS","","","","56","81","","","","","","","0","1"
"2023-04-04 12:32:25","CONTADOR DELANTERO","","BAJADAS","","","","56","82","","","","","","","0","1"
"2023-04-04 12:32:28","CONTADOR DELANTERO","","BAJADAS","","","","56","83","","","","","","","0","1"
"2023-04-04 12:33:22","CONTADOR DELANTERO","","BAJADAS","","","","56","84","","","","","","","0","1"
"2023-04-04 12:33:23","CONTADOR DELANTERO","","BAJADAS","","","","56","85","","","","","","","0","1"
"2023-04-04 12:34:01","CONTADOR DELANTERO","","BAJADAS","","","","56","86","","","","","","","0","1"
"2023-04-04 12:37:33","CONTADOR DELANTERO","","BAJADAS","","","","56","87","","","","","","","0","1"
"2023-04-04 12:48:36","CONTADOR DELANTERO","","SUBIDAS","","","","57","87","","","","","","","1","0"
"2023-04-04 12:50:03","CONTADOR DELANTERO","","BAJADAS","","","","57","88","","","","","","","0","1"
"2023-04-04 12:52:14","CONTADOR DELANTERO","","SUBIDAS","","","","58","88","","","","","","","1","0"
"2023-04-04 12:52:18","BIA","REGISTRO","","","1318","79","","","","0","0","1","0","","",""
"2023-04-04 12:52:19","CONTADOR DELANTERO","","SUBIDAS","","","","59","88","","","","","","","1","0"
"2023-04-04 12:53:35","CONTADOR DELANTERO","","SUBIDAS","","","","60","88","","","","","","","1","0"
"2023-04-04 12:53:36","BIA","REGISTRO","","","1348","81","","","","1","0","0","0","","",""
"2023-04-04 12:53:42","CONTADOR DELANTERO","","SUBIDAS","","","","61","88","","","","","","","1","0"
"2023-04-04 12:53:43","BIA","REGISTRO","","","1368","82","","","","1","0","0","0","","",""
"2023-04-04 12:54:02","BIA","REGISTRO","","","1388","83","","","","1","0","0","0","","",""
"2023-04-04 13:00:11","CONTADOR DELANTERO","","SUBIDAS","","","","63","88","","","","","","","1","0"
"2023-04-04 13:00:22","CONTADOR DELANTERO","","SUBIDAS","","","","64","88","","","","","","","1","0"
"2023-04-04 13:00:26","BIA","REGISTRO","","","1408","84","","","","1","0","0","0","","",""
"2023-04-04 13:00:45","CONTADOR DELANTERO","","SUBIDAS","","","","65","88","","","","","","","1","0"
"2023-04-04 13:00:45","BIA","REGISTRO","","","1428","85","","","","1","0","0","0","","",""
"2023-04-04 13:01:25","CONTADOR DELANTERO","","SUBIDAS","","","","66","88","","","","","","","1","0"
"2023-04-04 13:01:28","CONTADOR DELANTERO","","SUBIDAS","","","","67","88","","","","","","","1","0"
"2023-04-04 13:01:30","BIA","REGISTRO","","","1448","86","","","","1","0","0","0","","",""
"2023-04-04 13:02:02","CONTADOR DELANTERO","","SUBIDAS","","","","68","88","","","","","","","1","0"
"2023-04-04 13:02:22","CONTADOR DELANTERO","","SUBIDAS","","","","69","88","","","","","","","1","0"
"2023-04-04 13:02:24","BIA","REGISTRO","","","1488","88","","","","1","0","0","0","","",""
"2023-04-04 13:02:29","BIA","REGISTRO","","","1508","89","","","","1","0","0","0","","",""
"2023-04-04 13:04:37","CONTADOR DELANTERO","","BAJADAS","","","","69","89","","","","","","","0","1"
"2023-04-04 13:05:02","CONTADOR DELANTERO","","SUBIDAS","","","","70","89","","","","","","","1","0"
"2023-04-04 13:05:02","BIA","REGISTRO","","","1528","90","","","","1","0","0","0","","",""
"2023-04-04 13:05:57","BIA","REGISTRO","","","1548","91","","","","1","0","0","0","","",""
"2023-04-04 13:19:29","CONTADOR DELANTERO","","BAJADAS","","","","70","90","","","","","","","0","1"
"2023-04-04 13:22:21","CONTADOR DELANTERO","","BAJADAS","","","","70","91","","","","","","","0","1"
"2023-04-04 13:22:27","CONTADOR DELANTERO","","BAJADAS","","","","70","92","","","","","","","0","1"
"2023-04-04 13:22:29","CONTADOR DELANTERO","","BAJADAS","","","","70","93","","","","","","","0","1"
"2023-04-04 13:28:36","CONTADOR DELANTERO","","BAJADAS","","","","70","94","","","","","","","0","1"
"2023-04-04 13:31:23","CONTADOR DELANTERO","","BAJADAS","","","","70","95","","","","","","","0","1"
"2023-04-04 13:31:28","CONTADOR DELANTERO","","BAJADAS","","","","70","96","","","","","","","0","1"
"2023-04-04 13:31:31","CONTADOR DELANTERO","","BAJADAS","","","","70","97","","","","","","","0","1"
"2023-04-04 13:47:07","CONTADOR DELANTERO","","BAJADAS","","","","70","99","","","","","","","0","1"
"2023-04-04 13:51:12","CONTADOR DELANTERO","","BAJADAS","","","","70","100","","","","","","","0","1"
"2023-04-04 13:57:00","CONTADOR DELANTERO","","BAJADAS","","","","70","101","","","","","","","0","1"
"2023-04-04 13:59:20","BIA","CORTE","","646","1548","91","","","","66","0","14","11","","",""
"2023-04-04 14:12:48","CONTADOR DELANTERO","","SUBIDAS","","","","71","101","","","","","","","1","0"
"2023-04-04 14:12:58","BIA","REGISTRO","","","1558","92","","","","0","0","1","0","","",""
"2023-04-04 14:13:16","BIA","REGISTRO","","","1578","93","","","","1","0","0","0","","",""
"2023-04-04 14:13:16","BIA","REGISTRO","","","1598","94","","","","1","0","0","0","","",""
"2023-04-04 14:13:25","CONTADOR DELANTERO","","SUBIDAS","","","","72","101","","","","","","","1","0"
"2023-04-04 14:13:31","BIA","REGISTRO","","","1618","95","","","","1","0","0","0","","",""
"2023-04-04 14:15:08","BIA","REGISTRO","","","1658","97","","","","1","0","0","0","","",""
"2023-04-04 14:20:54","CONTADOR DELANTERO","","SUBIDAS","","","","73","101","","","","","","","1","0"
"2023-04-04 14:21:09","CONTADOR DELANTERO","","BAJADAS","","","","73","102","","","","","","","0","1"
"2023-04-04 14:26:12","BIA","REGISTRO","","","1673","98","","","","0","1","0","0","","",""
"2023-04-04 14:26:14","BIA","REGISTRO","","","1688","99","","","","0","1","0","0","","",""
"2023-04-04 14:27:12","BIA","REGISTRO","","","1696","100","","","","0","0","0","1","","",""
"2023-04-04 14:38:36","BIA","REGISTRO","","","1706","101","","","","0","0","1","0","","",""
"2023-04-04 14:39:01","CONTADOR DELANTERO","","SUBIDAS","","","","74","102","","","","","","","1","0"
"2023-04-04 14:39:43","CONTADOR DELANTERO","","SUBIDAS","","","","75","102","","","","","","","1","0"
"2023-04-04 14:39:45","BIA","REGISTRO","","","1726","102","","","","1","0","0","0","","",""
"2023-04-04 14:39:54","BIA","REGISTRO","","","1746","103","","","","1","0","0","0","","",""
"2023-04-04 14:47:23","CONTADOR DELANTERO","","BAJADAS","","","","75","103","","","","","","","0","1"
"2023-04-04 14:49:59","CONTADOR DELANTERO","","BAJADAS","","","","75","104","","","","","","","0","1"
"2023-04-04 14:52:09","CONTADOR DELANTERO","","BAJADAS","","","","75","105","","","","","","","0","1"
"2023-04-04 14:52:11","CONTADOR DELANTERO","","BAJADAS","","","","75","106","","","","","","","0","1"
"2023-04-04 14:56:11","CONTADOR DELANTERO","","BAJADAS","","","","75","107","","","","","","","0","1"
"2023-04-04 14:56:13","CONTADOR DELANTERO","","BAJADAS","","","","75","108","","","","","","","0","1"
"2023-04-04 14:56:15","CONTADOR DELANTERO","","BAJADAS","","","","75","109","","","","","","","0","1"
"2023-04-04 14:56:41","CONTADOR DELANTERO","","SUBIDAS","","","","76","109","","","","","","","1","0"
"2023-04-04 14:57:53","CONTADOR DELANTERO","","BAJADAS","","","","76","110","","","","","","","0","1"
"2023-04-04 14:57:54","CONTADOR DELANTERO","","BAJADAS","","","","76","111","","","","","","","0","1"
"2023-04-04 14:58:48","CONTADOR DELANTERO","","BAJADAS","","","","76","112","","","","","","","0","1"
"2023-04-04 14:58:52","CONTADOR DELANTERO","","BAJADAS","","","","76","113","","","","","","","0","1"
"2023-04-04 14:58:53","CONTADOR DELANTERO","","BAJADAS","","","","76","114","","","","","","","0","1"
"2023-04-04 15:05:01","CONTADOR DELANTERO","","BAJADAS","","","","76","115","","","","","","","0","1"
"2023-04-04 15:12:52","CONTADOR DELANTERO","","BAJADAS","","","","76","116","","","","","","","0","1"
"2023-04-04 15:17:47","CONTADOR DELANTERO","","SUBIDAS","","","","77","116","","","","","","","1","0"
"2023-04-04 15:17:49","CONTADOR DELANTERO","","SUBIDAS","","","","78","116","","","","","","","1","0"
"2023-04-04 15:21:18","BIA","REGISTRO","","","1766","104","","","","1","0","0","0","","",""
"2023-04-04 15:22:16","CONTADOR DELANTERO","","SUBIDAS","","","","79","116","","","","","","","1","0"
"2023-04-04 15:22:18","CONTADOR DELANTERO","","SUBIDAS","","","","80","116","","","","","","","1","0"
"2023-04-04 15:22:22","BIA","REGISTRO","","","1786","105","","","","1","0","0","0","","",""
"2023-04-04 15:22:22","BIA","REGISTRO","","","1806","106","","","","1","0","0","0","","",""
"2023-04-04 15:23:51","CONTADOR DELANTERO","","SUBIDAS","","","","81","116","","","","","","","1","0"
"2023-04-04 15:23:54","CONTADOR DELANTERO","","SUBIDAS","","","","82","116","","","","","","","1","0"
"2023-04-04 15:23:56","CONTADOR DELANTERO","","SUBIDAS","","","","83","116","","","","","","","1","0"
"2023-04-04 15:23:57","CONTADOR DELANTERO","","SUBIDAS","","","","84","116","","","","","","","1","0"
"2023-04-04 15:23:57","BIA","REGISTRO","","","1826","107","","","","1","0","0","0","","",""
"2023-04-04 15:29:25","BIA","REGISTRO","","","1866","109","","","","1","0","0","0","","",""
"2023-04-04 15:29:26","BIA","REGISTRO","","","1886","110","","","","1","0","0","0","","",""
"2023-04-04 15:29:32","CONTADOR DELANTERO","","SUBIDAS","","","","85","116","","","","","","","1","0"
"2023-04-04 15:29:33","BIA","REGISTRO","","","1906","111","","","","1","0","0","0","","",""
"2023-04-04 15:29:40","CONTADOR DELANTERO","","SUBIDAS","","","","86","116","","","","","","","1","0"
"2023-04-04 15:30:00","CONTADOR DELANTERO","","SUBIDAS","","","","87","116","","","","","","","1","0"
"2023-04-04 15:30:12","CONTADOR DELANTERO","","SUBIDAS","","","","88","116","","","","","","","1","0"
"2023-04-04 15:30:17","BIA","REGISTRO","","","1926","112","","","","1","0","0","0","","",""
"2023-04-04 15:30:18","CONTADOR DELANTERO","","SUBIDAS","","","","89","116","","","","","","","1","0"
"2023-04-04 15:30:18","BIA","REGISTRO","","","1946","113","","","","1","0","0","0","","",""
"2023-04-04 15:30:23","CONTADOR DELANTERO","","SUBIDAS","","","","90","116","","","","","","","1","0"
"2023-04-04 15:30:23","BIA","REGISTRO","","","1966","114","","","","1","0","0","0","","",""
"2023-04-04 15:30:24","BIA","REGISTRO","","","1986","115","","","","1","0","0","0","","",""
"2023-04-04 15:30:34","BIA","REGISTRO","","","2006","116","","","","1","0","0","0","","",""
"2023-04-04 15:30:35","CONTADOR DELANTERO","","SUBIDAS","","","","91","116","","","","","","","1","0"
"2023-04-04 15:30:41","BIA","REGISTRO","","","2026","117","","","","1","0","0","0","","",""
"2023-04-04 15:31:02","CONTADOR DELANTERO","","SUBIDAS","","","","92","116","","","","","","","1","0"
"2023-04-04 15:31:06","BIA","REGISTRO","","","2046","118","","","","1","0","0","0","","",""
"2023-04-04 15:31:54","CONTADOR DELANTERO","","SUBIDAS","","","","93","116","","","","","","","1","0"
"2023-04-04 15:31:56","CONTADOR DELANTERO","","SUBIDAS","","","","94","116","","","","","","","1","0"
"2023-04-04 15:31:58","BIA","REGISTRO","","","2066","119","","","","1","0","0","0","","",""
"2023-04-04 15:32:40","CONTADOR DELANTERO","","SUBIDAS","","","","95","116","","","","","","","1","0"
"2023-04-04 15:32:44","BIA","REGISTRO","","","2106","121","","","","1","0","0","0","","",""
"2023-04-04 15:34:15","BIA","REGISTRO","","","2126","122","","","","1","0","0","0","","",""
"2023-04-04 15:34:15","BIA","REGISTRO","","","2146","123","","","","1","0","0","0","","",""
"2023-04-04 15:34:15","BIA","REGISTRO","","","2166","124","","","","1","0","0","0","","",""
"2023-04-04 15:34:34","CONTADOR DELANTERO","","SUBIDAS","","","","96","116","","","","","","","1","0"
"2023-04-04 15:34:37","CONTADOR DELANTERO","","SUBIDAS","","","","97","116","","","","","","","1","0"
"2023-04-04 15:34:43","CONTADOR DELANTERO","","SUBIDAS","","","","99","116","","","","","","","1","0"
"2023-04-04 15:34:53","CONTADOR DELANTERO","","BAJADAS","","","","99","117","","","","","","","0","1"
"2023-04-04 15:35:39","CONTADOR DELANTERO","","SUBIDAS","","","","100","117","","","","","","","1","0"
"2023-04-04 15:35:47","CONTADOR DELANTERO","","SUBIDAS","","","","101","117","","","","","","","1","0"
"2023-04-04 15:35:54","BIA","REGISTRO","","","2181","125","","","","0","1","0","0","","",""
"2023-04-04 15:36:50","CONTADOR DELANTERO","","SUBIDAS","","","","102","117","","","","","","","1","0"
"2023-04-04 15:36:51","BIA","REGISTRO","","","2206","127","","","","0","0","1","0","","",""
"2023-04-04 15:37:37","BIA","REGISTRO","","","2226","128","","","","1","0","0","0","","",""
"2023-04-04 15:37:41","CONTADOR DELANTERO","","SUBIDAS","","","","103","117","","","","","","","1","0"
"2023-04-04 15:37:42","BIA","REGISTRO","","","2246","129","","","","1","0","0","0","","",""
"2023-04-04 15:37:45","BIA","REGISTRO","","","2266","130","","","","1","0","0","0","","",""
"2023-04-04 15:43:30","CONTADOR DELANTERO","","BAJADAS","","","","103","118","","","","","","","0","1"
"2023-04-04 15:50:40","CONTADOR DELANTERO","","SUBIDAS","","","","104","118","","","","","","","1","0"
"2023-04-04 15:50:44","BIA","REGISTRO","","","2274","131","","","","0","0","0","1","","",""
"2023-04-04 15:51:14","CONTADOR DELANTERO","","BAJADAS","","","","104","119","","","","","","","0","1"
"2023-04-04 15:51:18","CONTADOR DELANTERO","","SUBIDAS","","","","105","119","","","","","","","1","0"
"2023-04-04 15:51:33","CONTADOR DELANTERO","","BAJADAS","","","","105","120","","","","","","","0","1"
"2023-04-04 15:56:36","CONTADOR DELANTERO","","BAJADAS","","","","105","121","","","","","","","0","1"
"2023-04-04 15:56:38","CONTADOR DELANTERO","","BAJADAS","","","","105","122","","","","","","","0","1"
"2023-04-04 16:03:10","BIA","REGISTRO","","","2294","132","","","","1","0","0","0","","",""
"2023-04-04 16:03:13","CONTADOR DELANTERO","","BAJADAS","","","","105","123","","","","","","","0","1"
"2023-04-04 16:07:19","CONTADOR DELANTERO","","BAJADAS","","","","105","124","","","","","","","0","1"
"2023-04-04 16:07:24","CONTADOR DELANTERO","","BAJADAS","","","","105","126","","","","","","","0","1"
"2023-04-04 16:07:28","CONTADOR DELANTERO","","BAJADAS","","","","105","127","","","","","","","0","1"
"2023-04-04 16:07:31","CONTADOR DELANTERO","","BAJADAS","","","","105","129","","","","","","","0","1"
"2023-04-04 16:13:24","CONTADOR DELANTERO","","BAJADAS","","","","105","130","","","","","","","0","1"
"2023-04-04 16:19:07","CONTADOR DELANTERO","","BAJADAS","","","","105","131","","","","","","","0","1"
"2023-04-04 16:20:01","CONTADOR DELANTERO","","BAJADAS","","","","105","132","","","","","","","0","1"
"2023-04-04 16:20:04","CONTADOR DELANTERO","","BAJADAS","","","","105","133","","","","","","","0","1"
"2023-04-04 16:20:06","CONTADOR DELANTERO","","BAJADAS","","","","105","135","","","","","","","0","1"
"2023-04-04 16:20:11","CONTADOR DELANTERO","","BAJADAS","","","","105","136","","","","","","","0","1"
"2023-04-04 16:21:11","CONTADOR DELANTERO","","BAJADAS","","","","105","137","","","","","","","0","1"
"2023-04-04 16:21:39","CONTADOR DELANTERO","","BAJADAS","","","","105","138","","","","","","","0","1"
"2023-04-04 16:21:41","CONTADOR DELANTERO","","BAJADAS","","","","105","139","","","","","","","0","1"
"2023-04-04 16:21:43","CONTADOR DELANTERO","","BAJADAS","","","","105","140","","","","","","","0","1"
"2023-04-04 16:25:39","CONTADOR DELANTERO","","BAJADAS","","","","105","141","","","","","","","0","1"
"2023-04-04 16:25:43","CONTADOR DELANTERO","","BAJADAS","","","","105","142","","","","","","","0","1"
"2023-04-04 16:25:44","CONTADOR DELANTERO","","BAJADAS","","","","105","143","","","","","","","0","1"
"2023-04-04 16:25:47","CONTADOR DELANTERO","","BAJADAS","","","","105","144","","","","","","","0","1"
"2023-04-04 16:25:49","CONTADOR DELANTERO","","BAJADAS","","","","105","145","","","","","","","0","1"
"2023-04-04 16:25:51","CONTADOR DELANTERO","","BAJADAS","","","","105","146","","","","","","","0","1"
"2023-04-04 16:25:54","CONTADOR DELANTERO","","BAJADAS","","","","105","147","","","","","","","0","1"
"2023-04-04 16:29:42","CONTADOR DELANTERO","","BAJADAS","","","","105","148","","","","","","","0","1"
"2023-04-04 16:30:13","BIA","CORTE","","647","2294","132","","","","98","4","17","13","","",""
"2023-04-04 16:33:08","BIA","REGISTRO","","","2314","133","","","","1","0","0","0","","",""
"2023-04-04 16:33:12","CONTADOR DELANTERO","","SUBIDAS","","","","106","148","","","","","","","1","0"
"2023-04-04 16:33:13","BIA","REGISTRO","","","2334","134","","","","1","0","0","0","","",""
"2023-04-04 16:33:27","CONTADOR DELANTERO","","SUBIDAS","","","","107","148","","","","","","","1","0"
"2023-04-04 16:33:29","BIA","REGISTRO","","","2344","135","","","","0","0","1","0","","",""
"2023-04-04 16:33:33","CONTADOR DELANTERO","","SUBIDAS","","","","108","148","","","","","","","1","0"
"2023-04-04 16:33:41","CONTADOR DELANTERO","","BAJADAS","","","","108","149","","","","","","","0","1"
"2023-04-04 16:34:23","CONTADOR DELANTERO","","BAJADAS","","","","108","150","","","","","","","0","1"
"2023-04-04 16:36:42","CONTADOR DELANTERO","","SUBIDAS","","","","109","150","","","","","","","1","0"
"2023-04-04 16:38:14","BIA","REGISTRO","","","2354","136","","","","0","0","1","0","","",""
"2023-04-04 16:38:45","CONTADOR DELANTERO","","SUBIDAS","","","","110","150","","","","","","","1","0"
"2023-04-04 16:38:47","BIA","REGISTRO","","","2374","137","","","","1","0","0","0","","",""
"2023-04-04 16:42:24","CONTADOR DELANTERO","","SUBIDAS","","","","111","150","","","","","","","1","0"
"2023-04-04 16:42:28","BIA","REGISTRO","","","2382","138","","","","0","0","0","1","","",""
"2023-04-04 16:42:29","BIA","REGISTRO","","","2390","139","","","","0","0","0","1","","",""
"2023-04-04 16:42:31","CONTADOR DELANTERO","","SUBIDAS","","","","112","150","","","","","","","1","0"
"2023-04-04 16:42:35","BIA","REGISTRO","","","2398","140","","","","0","0","0","1","","",""
"2023-04-04 16:42:38","BIA","REGISTRO","","","2418","141","","","","1","0","0","0","","",""
"2023-04-04 16:42:44","CONTADOR DELANTERO","","SUBIDAS","","","","113","150","","","","","","","1","0"
"2023-04-04 16:42:47","CONTADOR DELANTERO","","SUBIDAS","","","","114","150","","","","","","","1","0"
"2023-04-04 16:42:51","BIA","REGISTRO","","","2433","142","","","","0","1","0","0","","",""
"2023-04-04 16:42:55","BIA","REGISTRO","","","2453","143","","","","1","0","0","0","","",""
"2023-04-04 16:53:19","BIA","REGISTRO","","","2473","144","","","","1","0","0","0","","",""
"2023-04-04 16:53:19","BIA","REGISTRO","","","2493","145","","","","1","0","0","0","","",""
"2023-04-04 16:53:24","BIA","REGISTRO","","","2513","146","","","","1","0","0","0","","",""
"2023-04-04 16:54:03","CONTADOR DELANTERO","","SUBIDAS","","","","115","150","","","","","","","1","0"
"2023-04-04 16:54:05","BIA","REGISTRO","","","2533","147","","","","1","0","0","0","","",""
"2023-04-04 16:54:12","BIA","REGISTRO","","","2553","148","","","","1","0","0","0","","",""
"2023-04-04 16:54:12","BIA","REGISTRO","","","2573","149","","","","1","0","0","0","","",""
"2023-04-04 16:54:27","BIA","REGISTRO","","","2593","150","","","","1","0","0","0","","",""
"2023-04-04 16:58:42","CONTADOR DELANTERO","","BAJADAS","","","","115","151","","","","","","","0","1"
"2023-04-04 16:58:50","CONTADOR DELANTERO","","SUBIDAS","","","","116","151","","","","","","","1","0"
"2023-04-04 16:58:52","BIA","REGISTRO","","","2613","151","","","","1","0","0","0","","",""
"2023-04-04 17:01:07","BIA","REGISTRO","","","2633","152","","","","1","0","0","0","","",""
"2023-04-04 17:01:13","BIA","REGISTRO","","","2643","153","","","","0","0","1","0","","",""
"2023-04-04 17:03:03","BIA","REGISTRO","","","2663","154","","","","1","0","0","0","","",""
"2023-04-04 17:05:00","CONTADOR DELANTERO","","SUBIDAS","","","","118","151","","","","","","","1","0"
"2023-04-04 17:05:02","BIA","REGISTRO","","","2683","155","","","","1","0","0","0","","",""
"2023-04-04 17:05:22","BIA","REGISTRO","","","2703","156","","","","1","0","0","0","","",""
"2023-04-04 17:06:17","CONTADOR DELANTERO","","BAJADAS","","","","118","152","","","","","","","0","1"
"2023-04-04 17:07:03","CONTADOR DELANTERO","","SUBIDAS","","","","119","152","","","","","","","1","0"
"2023-04-04 17:07:04","BIA","REGISTRO","","","2723","157","","","","1","0","0","0","","",""
"2023-04-04 17:07:48","CONTADOR DELANTERO","","SUBIDAS","","","","120","152","","","","","","","1","0"
"2023-04-04 17:07:49","BIA","REGISTRO","","","2743","158","","","","1","0","0","0","","",""
"2023-04-04 17:08:07","BIA","REGISTRO","","","2763","159","","","","1","0","0","0","","",""
"2023-04-04 17:08:26","CONTADOR DELANTERO","","BAJADAS","","","","120","153","","","","","","","0","1"
"2023-04-04 17:16:49","CONTADOR DELANTERO","","BAJADAS","","","","120","154","","","","","","","0","1"
"2023-04-04 17:16:51","CONTADOR DELANTERO","","BAJADAS","","","","120","155","","","","","","","0","1"
"2023-04-04 17:16:53","CONTADOR DELANTERO","","BAJADAS","","","","120","157","","","","","","","0","1"
"2023-04-04 17:17:26","BIA","REGISTRO","","","2773","160","","","","0","0","1","0","","",""
"2023-04-04 17:17:31","CONTADOR DELANTERO","","SUBIDAS","","","","121","157","","","","","","","1","0"
"2023-04-04 17:17:31","BIA","REGISTRO","","","2783","161","","","","0","0","1","0","","",""
"2023-04-04 17:19:44","CONTADOR DELANTERO","","BAJADAS","","","","121","158","","","","","","","0","1"
"2023-04-04 17:19:58","BIA","REGISTRO","","","2791","162","","","","0","0","0","1","","",""
"2023-04-04 17:22:26","CONTADOR DELANTERO","","BAJADAS","","","","121","159","","","","","","","0","1"
"2023-04-04 17:23:10","CONTADOR DELANTERO","","BAJADAS","","","","121","160","","","","","","","0","1"
"2023-04-04 17:23:15","CONTADOR DELANTERO","","BAJADAS","","","","121","162","","","","","","","0","1"
"2023-04-04 17:24:12","CONTADOR DELANTERO","","BAJADAS","","","","121","163","","","","","","","0","1"
"2023-04-04 17:25:04","CONTADOR DELANTERO","","BAJADAS","","","","121","164","","","","","","","0","1"
"2023-04-04 17:25:07","CONTADOR DELANTERO","","BAJADAS","","","","121","165","","","","","","","0","1"
"2023-04-04 17:25:10","CONTADOR DELANTERO","","BAJADAS","","","","121","166","","","","","","","0","1"
"2023-04-04 17:25:12","CONTADOR DELANTERO","","BAJADAS","","","","121","168","","","","","","","0","1"
"2023-04-04 17:25:14","CONTADOR DELANTERO","","BAJADAS","","","","121","169","","","","","","","0","1"
"2023-04-04 17:25:18","CONTADOR DELANTERO","","BAJADAS","","","","121","170","","","","","","","0","1"
"2023-04-04 17:25:19","CONTADOR DELANTERO","","BAJADAS","","","","121","171","","","","","","","0","1"
"2023-04-04 17:26:19","CONTADOR DELANTERO","","BAJADAS","","","","121","172","","","","","","","0","1"
"2023-04-04 17:27:50","CONTADOR DELANTERO","","BAJADAS","","","","121","173","","","","","","","0","1"
"2023-04-04 17:28:29","CONTADOR DELANTERO","","BAJADAS","","","","121","174","","","","","","","0","1"
"2023-04-04 17:29:06","CONTADOR DELANTERO","","BAJADAS","","","","121","175","","","","","","","0","1"
"2023-04-04 17:30:33","CONTADOR DELANTERO","","BAJADAS","","","","121","176","","","","","","","0","1"
"2023-04-04 17:31:09","CONTADOR DELANTERO","","BAJADAS","","","","121","177","","","","","","","0","1"
"2023-04-04 17:31:11","CONTADOR DELANTERO","","BAJADAS","","","","121","178","","","","","","","0","1"
"2023-04-04 17:31:13","CONTADOR DELANTERO","","BAJADAS","","","","121","179","","","","","","","0","1"
"2023-04-04 17:33:12","CONTADOR DELANTERO","","BAJADAS","","","","121","180","","","","","","","0","1"
"2023-04-04 17:34:15","CONTADOR DELANTERO","","BAJADAS","","","","121","181","","","","","","","0","1"
"2023-04-04 17:34:18","CONTADOR DELANTERO","","BAJADAS","","","","121","182","","","","","","","0","1"
"2023-04-04 17:47:21","CONTADOR DELANTERO","","BAJADAS","","","","121","184","","","","","","","0","1"
"2023-04-04 17:48:35","CONTADOR DELANTERO","","BAJADAS","","","","121","185","","","","","","","0","1"
"2023-04-04 17:53:51","CONTADOR DELANTERO","","SUBIDAS","","","","122","185","","","","","","","1","0"
"2023-04-04 17:53:51","BIA","REGISTRO","","","2811","163","","","","1","0","0","0","","",""
"2023-04-04 17:55:19","CONTADOR DELANTERO","","SUBIDAS","","","","123","185","","","","","","","1","0"
"2023-04-04 17:55:21","BIA","REGISTRO","","","2831","164","","","","1","0","0","0","","",""
"2023-04-04 17:55:37","BIA","REGISTRO","","","2851","165","","","","1","0","0","0","","",""
"2023-04-04 17:56:53","CONTADOR DELANTERO","","SUBIDAS","","","","124","185","","","","","","","1","0"
"2023-04-04 17:56:54","BIA","REGISTRO","","","2871","166","","","","1","0","0","0","","",""
"2023-04-04 17:56:55","BIA","REGISTRO","","","2891","167","","","","1","0","0","0","","",""
"2023-04-04 17:57:41","BIA","REGISTRO","","","2911","168","","","","1","0","0","0","","",""
"2023-04-04 18:01:59","BIA","REGISTRO","","","2921","169","","","","0","0","1","0","","",""
"2023-04-04 18:02:09","BIA","REGISTRO","","","2941","170","","","","1","0","0","0","","",""
"2023-04-04 18:03:18","BIA","REGISTRO","","","2961","171","","","","1","0","0","0","","",""
"2023-04-04 18:03:38","CONTADOR DELANTERO","","SUBIDAS","","","","125","185","","","","","","","1","0"
"2023-04-04 18:03:39","BIA","REGISTRO","","","2981","172","","","","1","0","0","0","","",""
"2023-04-04 18:03:54","CONTADOR DELANTERO","","SUBIDAS","","","","126","185","","","","","","","1","0"
"2023-04-04 18:03:58","BIA","REGISTRO","","","3001","173","","","","1","0","0","0","","",""
"2023-04-04 18:04:11","BIA","REGISTRO","","","3021","174","","","","1","0","0","0","","",""
"2023-04-04 18:05:09","CONTADOR DELANTERO","","SUBIDAS","","","","127","185","","","","","","","1","0"
"2023-04-04 18:05:18","CONTADOR DELANTERO","","BAJADAS","","","","127","186","","","","","","","0","1"
"2023-04-04 18:05:18","BIA","REGISTRO","","","3041","175","","","","1","0","0","0","","",""
"2023-04-04 18:05:57","BIA","REGISTRO","","","3076","177","","","","0","1","0","0","","",""
"2023-04-04 18:07:43","BIA","REGISTRO","","","3096","178","","","","1","0","0","0","","",""
"2023-04-04 18:10:18","CONTADOR DELANTERO","","SUBIDAS","","","","128","186","","","","","","","1","0"
"2023-04-04 18:12:02","CONTADOR DELANTERO","","SUBIDAS","","","","129","186","","","","","","","1","0"
"2023-04-04 18:12:04","CONTADOR DELANTERO","","SUBIDAS","","","","130","186","","","","","","","1","0"
"2023-04-04 18:12:13","BIA","REGISTRO","","","3106","179","","","","0","0","1","0","","",""
"2023-04-04 18:14:11","CONTADOR DELANTERO","","BAJADAS","","","","130","187","","","","","","","0","1"
"2023-04-04 18:14:14","CONTADOR DELANTERO","","BAJADAS","","","","130","188","","","","","","","0","1"
"2023-04-04 18:14:22","CONTADOR DELANTERO","","BAJADAS","","","","130","189","","","","","","","0","1"
"2023-04-04 18:14:38","CONTADOR DELANTERO","","BAJADAS","","","","130","190","","","","","","","0","1"
"2023-04-04 18:18:33","BIA","REGISTRO","","","3114","180","","","","0","0","0","1","","",""
"2023-04-04 18:18:33","BIA","REGISTRO","","","3122","181","","","","0","0","0","1","","",""
"2023-04-04 18:18:33","BIA","REGISTRO","","","3130","182","","","","0","0","0","1","","",""
"2023-04-04 18:18:33","BIA","REGISTRO","","","3138","183","","","","0","0","0","1","","",""
"2023-04-04 18:18:33","BIA","REGISTRO","","","3146","184","","","","0","0","0","1","","",""
"2023-04-04 18:18:56","CONTADOR DELANTERO","","SUBIDAS","","","","131","190","","","","","","","1","0"
"2023-04-04 18:22:00","CONTADOR DELANTERO","","BAJADAS","","","","131","191","","","","","","","0","1"
"2023-04-04 18:24:04","CONTADOR DELANTERO","","BAJADAS","","","","131","192","","","","","","","0","1"
"2023-04-04 18:24:07","CONTADOR DELANTERO","","BAJADAS","","","","131","193","","","","","","","0","1"
"2023-04-04 18:29:15","CONTADOR DELANTERO","","BAJADAS","","","","131","194","","","","","","","0","1"
"2023-04-04 18:29:17","CONTADOR DELANTERO","","BAJADAS","","","","131","195","","","","","","","0","1"
"2023-04-04 18:34:13","CONTADOR DELANTERO","","BAJADAS","","","","131","196","","","","","","","0","1"
"2023-04-04 18:40:04","CONTADOR DELANTERO","","BAJADAS","","","","131","197","","","","","","","0","1"
"2023-04-04 18:40:55","CONTADOR DELANTERO","","BAJADAS","","","","131","198","","","","","","","0","1"
"2023-04-04 18:40:59","CONTADOR DELANTERO","","BAJADAS","","","","131","199","","","","","","","0","1"
"2023-04-04 18:41:01","CONTADOR DELANTERO","","BAJADAS","","","","131","200","","","","","","","0","1"
"2023-04-04 18:42:17","CONTADOR DELANTERO","","BAJADAS","","","","131","201","","","","","","","0","1"
"2023-04-04 18:42:20","CONTADOR DELANTERO","","BAJADAS","","","","131","202","","","","","","","0","1"
"2023-04-04 18:42:24","CONTADOR DELANTERO","","BAJADAS","","","","131","203","","","","","","","0","1"
"2023-04-04 18:43:19","CONTADOR DELANTERO","","BAJADAS","","","","131","204","","","","","","","0","1"
"2023-04-04 18:50:17","CONTADOR DELANTERO","","BAJADAS","","","","131","205","","","","","","","0","1"
"2023-04-04 18:50:42","CONTADOR DELANTERO","","BAJADAS","","","","131","206","","","","","","","0","1"
"2023-04-04 18:54:00","BIA","CORTE","","648","3146","184","","","","132","6","24","22","","",""
"2023-04-04 19:04:54","CONTADOR DELANTERO","","SUBIDAS","","","","132","206","","","","","","","1","0"
"2023-04-04 19:04:57","CONTADOR DELANTERO","","SUBIDAS","","","","133","206","","","","","","","1","0"
"2023-04-04 19:04:59","BIA","REGISTRO","","","3166","185","","","","1","0","0","0","","",""
"2023-04-04 19:05:04","BIA","REGISTRO","","","3186","186","","","","1","0","0","0","","",""
"2023-04-04 19:05:12","BIA","REGISTRO","","","3214","188","","","","0","0","0","1","","",""
"2023-04-04 19:05:15","CONTADOR DELANTERO","","SUBIDAS","","","","134","206","","","","","","","1","0"
"2023-04-04 19:05:15","BIA","REGISTRO","","","3234","189","","","","1","0","0","0","","",""
"2023-04-04 19:05:20","CONTADOR DELANTERO","","SUBIDAS","","","","135","206","","","","","","","1","0"
"2023-04-04 19:05:24","BIA","REGISTRO","","","3254","190","","","","1","0","0","0","","",""
"2023-04-04 19:05:26","CONTADOR DELANTERO","","SUBIDAS","","","","136","206","","","","","","","1","0"
"2023-04-04 19:06:06","BIA","REGISTRO","","","3274","191","","","","1","0","0","0","","",""
"2023-04-04 19:07:36","CONTADOR DELANTERO","","SUBIDAS","","","","137","206","","","","","","","1","0"
"2023-04-04 19:07:41","BIA","REGISTRO","","","3294","193","","","","0","0","1","0","","",""
"2023-04-04 19:09:00","BIA","REGISTRO","","","3302","194","","","","0","0","0","1","","",""
"2023-04-04 19:10:13","BIA","REGISTRO","","","3322","195","","","","1","0","0","0","","",""
"2023-04-04 19:10:14","CONTADOR DELANTERO","","SUBIDAS","","","","138","206","","","","","","","1","0"
"2023-04-04 19:10:24","CONTADOR DELANTERO","","SUBIDAS","","","","139","206","","","","","","","1","0"
"2023-04-04 19:10:28","BIA","REGISTRO","","","3342","196","","","","1","0","0","0","","",""
"2023-04-04 19:10:29","BIA","REGISTRO","","","3352","197","","","","0","0","1","0","","",""
"2023-04-04 19:11:20","BIA","REGISTRO","","","3372","198","","","","1","0","0","0","","",""
"2023-04-04 19:12:37","BIA","REGISTRO","","","3392","199","","","","1","0","0","0","","",""
"2023-04-04 19:12:42","BIA","REGISTRO","","","3402","200","","","","0","0","1","0","","",""
"2023-04-04 19:12:48","BIA","REGISTRO","","","3422","201","","","","1","0","0","0","","",""
"2023-04-04 19:13:01","CONTADOR DELANTERO","","SUBIDAS","","","","140","206","","","","","","","1","0"
"2023-04-04 19:13:03","BIA","REGISTRO","","","3442","202","","","","1","0","0","0","","",""
"2023-04-04 19:13:10","BIA","REGISTRO","","","3482","204","","","","1","0","0","0","","",""
"2023-04-04 19:13:19","CONTADOR DELANTERO","","SUBIDAS","","","","141","206","","","","","","","1","0"
"2023-04-04 19:13:23","CONTADOR DELANTERO","","SUBIDAS","","","","142","206","","","","","","","1","0"
"2023-04-04 19:13:23","BIA","REGISTRO","","","3522","206","","","","1","0","0","0","","",""
"2023-04-04 19:13:31","CONTADOR DELANTERO","","SUBIDAS","","","","143","206","","","","","","","1","0"
"2023-04-04 19:13:34","BIA","REGISTRO","","","3552","208","","","","0","0","1","0","","",""
"2023-04-04 19:13:56","BIA","REGISTRO","","","3572","209","","","","1","0","0","0","","",""
"2023-04-04 19:14:06","BIA","REGISTRO","","","3592","210","","","","1","0","0","0","","",""
"2023-04-04 19:14:20","BIA","REGISTRO","","","3610","212","","","","0","0","0","1","","",""
"2023-04-04 19:19:22","CONTADOR DELANTERO","","BAJADAS","","","","143","207","","","","","","","0","1"
"2023-04-04 19:19:26","CONTADOR DELANTERO","","SUBIDAS","","","","144","207","","","","","","","1","0"
"2023-04-04 19:19:27","BIA","REGISTRO","","","3630","213","","","","1","0","0","0","","",""
"2023-04-04 19:19:33","BIA","REGISTRO","","","3650","214","","","","1","0","0","0","","",""
"2023-04-04 19:20:33","BIA","REGISTRO","","","3670","215","","","","1","0","0","0","","",""
"2023-04-04 19:21:49","CONTADOR DELANTERO","","SUBIDAS","","","","145","207","","","","","","","1","0"
"2023-04-04 19:21:50","CONTADOR DELANTERO","","SUBIDAS","","","","146","207","","","","","","","1","0"
"2023-04-04 19:21:50","BIA","REGISTRO","","","3690","216","","","","1","0","0","0","","",""
"2023-04-04 19:21:53","BIA","REGISTRO","","","3710","217","","","","1","0","0","0","","",""
"2023-04-04 19:23:33","CONTADOR DELANTERO","","SUBIDAS","","","","147","207","","","","","","","1","0"
"2023-04-04 19:23:34","BIA","REGISTRO","","","3730","218","","","","1","0","0","0","","",""
"2023-04-04 19:23:36","CONTADOR DELANTERO","","SUBIDAS","","","","148","207","","","","","","","1","0"
"2023-04-04 19:23:44","BIA","REGISTRO","","","3750","219","","","","1","0","0","0","","",""
"2023-04-04 19:24:15","BIA","REGISTRO","","","3765","220","","","","0","1","0","0","","",""
"2023-04-04 19:28:27","CONTADOR DELANTERO","","SUBIDAS","","","","149","207","","","","","","","1","0"
"2023-04-04 19:28:38","BIA","REGISTRO","","","3785","221","","","","1","0","0","0","","",""
"2023-04-04 19:35:20","CONTADOR DELANTERO","","BAJADAS","","","","149","208","","","","","","","0","1"
"2023-04-04 19:35:26","CONTADOR DELANTERO","","SUBIDAS","","","","150","208","","","","","","","1","0"
"2023-04-04 19:35:27","BIA","REGISTRO","","","3825","223","","","","1","0","0","0","","",""
"2023-04-04 19:52:30","CONTADOR DELANTERO","","BAJADAS","","","","150","209","","","","","","","0","1"
"2023-04-04 19:52:34","CONTADOR DELANTERO","","BAJADAS","","","","150","211","","","","","","","0","1"
"2023-04-04 19:54:35","CONTADOR DELANTERO","","BAJADAS","","","","150","212","","","","","","","0","1"
"2023-04-04 19:54:42","CONTADOR DELANTERO","","BAJADAS","","","","150","213","","","","","","","0","1"
"2023-04-04 19:54:52","CONTADOR DELANTERO","","BAJADAS","","","","150","214","","","","","","","0","1"
"2023-04-04 19:54:53","CONTADOR DELANTERO","","BAJADAS","","","","150","215","","","","","","","0","1"
"2023-04-04 19:55:00","CONTADOR DELANTERO","","BAJADAS","","","","150","216","","","","","","","0","1"
"2023-04-04 19:55:10","CONTADOR DELANTERO","","BAJADAS","","","","150","217","","","","","","","0","1"
"2023-04-04 19:55:15","CONTADOR DELANTERO","","BAJADAS","","","","150","218","","","","","","","0","1"
"2023-04-04 19:55:17","CONTADOR DELANTERO","","BAJADAS","","","","150","219","","","","","","","0","1"
"2023-04-04 19:55:19","CONTADOR DELANTERO","","BAJADAS","","","","150","220","","","","","","","0","1"
"2023-04-04 19:55:49","CONTADOR DELANTERO","","BAJADAS","","","","150","221","","","","","","","0","1"
"2023-04-04 19:57:23","CONTADOR DELANTERO","","BAJADAS","","","","150","222","","","","","","","0","1"
"2023-04-04 19:57:24","CONTADOR DELANTERO","","BAJADAS","","","","150","223","","","","","","","0","1"
"2023-04-04 19:57:58","CONTADOR DELANTERO","","BAJADAS","","","","150","224","","","","","","","0","1"
"2023-04-04 19:58:43","CONTADOR DELANTERO","","BAJADAS","","","","150","225","","","","","","","0","1"
"2023-04-04 19:58:53","CONTADOR DELANTERO","","BAJADAS","","","","150","226","","","","","","","0","1"
"2023-04-04 19:58:58","CONTADOR DELANTERO","","BAJADAS","","","","150","227","","","","","","","0","1"
"2023-04-04 19:59:30","CONTADOR DELANTERO","","BAJADAS","","","","150","228","","","","","","","0","1"
"2023-04-04 20:01:06","CONTADOR DELANTERO","","BAJADAS","","","","150","229","","","","","","","0","1"
"2023-04-04 20:01:42","CONTADOR DELANTERO","","BAJADAS","","","","150","230","","","","","","","0","1"
"2023-04-04 20:01:46","CONTADOR DELANTERO","","BAJADAS","","","","150","231","","","","","","","0","1"
"2023-04-04 20:01:49","CONTADOR DELANTERO","","BAJADAS","","","","150","233","","","","","","","0","1"
"2023-04-04 20:03:26","CONTADOR DELANTERO","","BAJADAS","","","","150","234","","","","","","","0","1"
"2023-04-04 20:04:32","CONTADOR DELANTERO","","BAJADAS","","","","150","235","","","","","","","0","1"
"2023-04-04 20:04:33","CONTADOR DELANTERO","","BAJADAS","","","","150","236","","","","","","","0","1"
"2023-04-04 20:04:35","CONTADOR DELANTERO","","BAJADAS","","","","150","237","","","","","","","0","1"
"2023-04-04 20:05:07","CONTADOR DELANTERO","","BAJADAS","","","","150","238","","","","","","","0","1"
"2023-04-04 20:05:21","CONTADOR DELANTERO","","BAJADAS","","","","150","239","","","","","","","0","1"
"2023-04-04 20:19:41","CONTADOR DELANTERO","","BAJADAS","","","","150","240","","","","","","","0","1"
"2023-04-04 20:21:51","CONTADOR DELANTERO","","SUBIDAS","","","","151","240","","","","","","","1","0"
"2023-04-04 20:24:57","CONTADOR DELANTERO","","BAJADAS","","","","151","241","","","","","","","0","1"
"2023-04-04 20:35:53","CONTADOR DELANTERO","","SUBIDAS","","","","152","241","","","","","","","1","0"
"2023-04-04 20:37:13","CONTADOR DELANTERO","","SUBIDAS","","","","153","241","","","","","","","1","0"
"2023-04-04 20:37:24","CONTADOR DELANTERO","","BAJADAS","","","","153","242","","","","","","","0","1"
"2023-04-04 20:37:39","CONTADOR DELANTERO","","BAJADAS","","","","153","243","","","","","","","0","1"
"2023-04-04 20:38:08","CONTADOR DELANTERO","","SUBIDAS","","","","154","243","","","","","","","1","0"
"2023-04-04 20:38:14","BIA","REGISTRO","","","3845","224","","","","1","0","0","0","","",""
"2023-04-04 20:40:57","CONTADOR DELANTERO","","SUBIDAS","","","","155","243","","","","","","","1","0"
"2023-04-04 20:41:15","CONTADOR DELANTERO","","SUBIDAS","","","","156","243","","","","","","","1","0"
"2023-04-04 20:41:22","BIA","REGISTRO","","","3865","225","","","","1","0","0","0","","",""
"2023-04-04 20:41:22","BIA","REGISTRO","","","3885","226","","","","1","0","0","0","","",""
"2023-04-04 20:42:14","CONTADOR DELANTERO","","BAJADAS","","","","156","244","","","","","","","0","1"
"2023-04-04 21:05:29","CONTADOR DELANTERO","","BAJADAS","","","","156","245","","","","","","","0","1"
"2023-04-04 21:05:30","CONTADOR DELANTERO","","BAJADAS","","","","156","246","","","","","","","0","1"
"2023-04-04 21:24:00","CONTADOR DELANTERO","","BAJADAS","","","","156","247","","","","","","","0","1"
"2023-04-04 21:24:05","CONTADOR DELANTERO","","BAJADAS","","","","156","248","","","","","","","0","1"
"2023-04-04 21:25:42","CONTADOR DELANTERO","","BAJADAS","","","","156","249","","","","","","","0","1"
"2023-04-04 21:35:05","CONTADOR DELANTERO","","SUBIDAS","","","","157","249","","","","","","","1","0"
"2023-04-04 21:35:05","BIA","REGISTRO","","","3905","227","","","","1","0","0","0","","",""
"2023-04-04 21:37:05","CONTADOR DELANTERO","","SUBIDAS","","","","158","249","","","","","","","1","0"
"2023-04-04 21:37:05","BIA","REGISTRO","","","3925","228","","","","1","0","0","0","","",""
"2023-04-04 21:38:16","BIA","REGISTRO","","","3933","229","","","","0","0","0","1","","",""
"2023-04-04 21:39:54","CONTADOR DELANTERO","","SUBIDAS","","","","159","249","","","","","","","1","0"
"2023-04-04 21:39:54","BIA","REGISTRO","","","3953","230","","","","1","0","0","0","","",""
"2023-04-04 21:40:03","BIA","REGISTRO","","","3973","231","","","","1","0","0","0","","",""
"2023-04-04 21:40:39","BIA","REGISTRO","","","3993","232","","","","1","0","0","0","","",""
"2023-04-04 21:41:07","BIA","REGISTRO","","","4013","233","","","","1","0","0","0","","",""
"2023-04-04 21:41:16","BIA","REGISTRO","","","4021","234","","","","0","0","0","1","","",""
"2023-04-04 21:51:08","BIA","REGISTRO","","","4049","236","","","","1","0","0","0","","",""
"2023-04-04 21:51:12","BIA","REGISTRO","","","4069","237","","","","1","0","0","0","","",""
"2023-04-04 21:51:15","CONTADOR DELANTERO","","SUBIDAS","","","","160","249","","","","","","","1","0"
"2023-04-04 21:51:15","BIA","REGISTRO","","","4089","238","","","","1","0","0","0","","",""
"2023-04-04 21:51:23","CONTADOR DELANTERO","","SUBIDAS","","","","161","249","","","","","","","1","0"
"2023-04-04 21:51:24","BIA","REGISTRO","","","4109","239","","","","1","0","0","0","","",""
"2023-04-04 22:00:37","CONTADOR DELANTERO","","BAJADAS","","","","161","250","","","","","","","0","1"
"2023-04-04 22:00:40","CONTADOR DELANTERO","","BAJADAS","","","","161","251","","","","","","","0","1"
"2023-04-04 22:00:41","CONTADOR DELANTERO","","BAJADAS","","","","161","252","","","","","","","0","1"
"2023-04-04 22:02:47","BIA","REGISTRO","","","4129","240","","","","1","0","0","0","","",""
"2023-04-04 22:02:56","CONTADOR DELANTERO","","BAJADAS","","","","161","253","","","","","","","0","1"
"2023-04-04 22:11:25","CONTADOR DELANTERO","","BAJADAS","","","","161","254","","","","","","","0","1"
"2023-04-04 22:15:15","CONTADOR DELANTERO","","BAJADAS","","","","161","255","","","","","","","0","1"
"2023-04-04 22:16:22","CONTADOR DELANTERO","","BAJADAS","","","","161","256","","","","","","","0","1"
"2023-04-04 22:18:08","CONTADOR DELANTERO","","BAJADAS","","","","161","257","","","","","","","0","1"
"2023-04-04 22:18:47","CONTADOR DELANTERO","","BAJADAS","","","","161","258","","","","","","","0","1"
"2023-04-04 22:19:20","CONTADOR DELANTERO","","BAJADAS","","","","161","259","","","","","","","0","1"
"2023-04-04 22:20:54","CONTADOR DELANTERO","","BAJADAS","","","","161","260","","","","","","","0","1"
"2023-04-04 22:20:58","CONTADOR DELANTERO","","BAJADAS","","","","161","261","","","","","","","0","1"
"2023-04-04 22:21:23","CONTADOR DELANTERO","","BAJADAS","","","","161","263","","","","","","","0","1"
"2023-04-04 22:22:30","CONTADOR DELANTERO","","BAJADAS","","","","161","265","","","","","","","0","1"
"2023-04-04 22:28:28","CONTADOR DELANTERO","","BAJADAS","","","","161","266","","","","","","","0","1"
"2023-04-04 22:30:43","BIA","CORTE","","649","4129","240","","","","175","7","30","28","","",""
"2023-04-04 22:40:43","CONTADOR DELANTERO","","BAJADAS","","","","161","267","","","","","","","0","1"
"2023-04-04 22:40:56","CONTADOR DELANTERO","","BAJADAS","","","","161","268","","","","","","","0","1"
"2023-04-04 22:44:01","CONTADOR DELANTERO","","BAJADAS","","","","161","269","","","","","","","0","1"
"2023-04-04 22:58:02","CONTADOR DELANTERO","","BAJADAS","","","","161","270","","","","","","","0","1"
"2023-04-04 22:58:39","CONTADOR DELANTERO","","BAJADAS","","","","161","271","","","","","","","0","1"